{
  "train_loss": [
    2.2332612104583203,
    1.6159751582563968,
    1.2865956339919775,
    1.1608843717658728,
    1.0836223589746576,
    1.0292988446720859,
    0.9866447455004642,
    0.9548460205396017,
    0.9310036751261929,
    0.9109883668129904,
    0.8914373517036438,
    0.8789612151028817,
    0.8702222236415796,
    0.8607026261195801,
    0.8499367985809059,
    0.8457292837009095,
    0.8373749594939383,
    0.8293848161111799,
    0.8229823083208319,
    0.8186276028030797,
    0.8128136017866302,
    0.8087759969527262,
    0.8057534977009422,
    0.8030607689890945,
    0.7997306917843066,
    0.7963588133192899,
    0.7964116236619782,
    0.7954579951470359,
    0.7924611984637746,
    0.7941108569764255
  ],
  "train_acc": [
    0.24509320175438595,
    0.5634868421052631,
    0.7023848684210526,
    0.7584429824561404,
    0.7934210526315789,
    0.8157072368421052,
    0.8340734649122807,
    0.8474506578947368,
    0.8583333333333333,
    0.8651315789473685,
    0.877001096491228,
    0.8801535087719298,
    0.8836348684210527,
    0.8875822368421052,
    0.8915296052631579,
    0.8920504385964912,
    0.8976151315789473,
    0.8995065789473684,
    0.9031524122807018,
    0.9037006578947369,
    0.9078673245614035,
    0.9083333333333333,
    0.9092105263157895,
    0.9100877192982456,
    0.9129660087719298,
    0.9142543859649123,
    0.9147203947368421,
    0.9135416666666667,
    0.9168585526315789,
    0.9149396929824561
  ],
  "val_loss": [
    1.9282596698532817,
    1.3709691656647094,
    1.1663807770163193,
    1.0674819117761456,
    0.9917078396122863,
    0.9726732646386027,
    0.9556030721753355,
    0.9126642097362964,
    0.9089446393690355,
    0.8693145310198255,
    0.850713350839552,
    0.8446101198582479,
    0.8588041912460154,
    0.8273021551135021,
    0.8273245364475011,
    0.8166012398785072,
    0.8020828106415823,
    0.801452012340779,
    0.794605161172031,
    0.7901112720970135,
    0.7844490082068202,
    0.7833230051773094,
    0.7824778222267753,
    0.7825642425904958,
    0.7790572625115321,
    0.7773192901082111,
    0.7765657581983709,
    0.7767800499234168,
    0.7776519919705168,
    0.7769009976975886
  ],
  "val_acc": [
    0.39913577439163067,
    0.6775073914032295,
    0.7625653854901069,
    0.8173754832840573,
    0.845576529451899,
    0.8512622242438026,
    0.8539913577439163,
    0.8730952922447123,
    0.8717307254946555,
    0.88856038207869,
    0.8940186490789175,
    0.8999317716624972,
    0.8944735046622697,
    0.9081191721628383,
    0.9031157607459631,
    0.9103934500795997,
    0.914032294746418,
    0.9131225835797134,
    0.9147145781214464,
    0.9169888560382079,
    0.9213099840800546,
    0.9194905617466455,
    0.9192631339549693,
    0.917216283829884,
    0.921992267455083,
    0.923584261996816,
    0.9260859677052535,
    0.921992267455083,
    0.9224471230384353,
    0.9231294064134637
  ],
  "lr": [
    0.003,
    0.002991785582104726,
    0.0029672323273003415,
    0.002926609246184583,
    0.0028703614137350797,
    0.002799105092974766,
    0.0027136209830652337,
    0.0026148456658033527,
    0.002503861344235108,
    0.0023818839858125635,
    0.00225025,
    0.002110401596292163,
    0.0019638709830652338,
    0.0018122635803812298,
    0.0016572404306698465,
    0.0015005000000000003,
    0.001343759569330154,
    0.0011887364196187698,
    0.0010371290169347664,
    0.0008905984037078378,
    0.0007507500000000005,
    0.0006191160141874369,
    0.0004971386557648927,
    0.00038615433419664767,
    0.0002873790169347666,
    0.00020189490702523426,
    0.0001306385862649199,
    7.43907538154173e-05,
    3.376767269965838e-05,
    9.214417895274038e-06
  ]
}