{
  "overall_accuracy": 0.9218846869187849,
  "best_epoch": 27,
  "best_val_acc": 0.9260859677052535,
  "macro_precision": 0.9280046022045708,
  "macro_recall": 0.9214537017653847,
  "macro_f1": 0.9240283156056236,
  "class_metrics": {
    "_silence_": {
      "Precision": 0.9811320754716981,
      "Recall": 0.8524590163934426,
      "F1": 0.912280701754386,
      "Samples": 61
    },
    "_unknown_": {
      "Precision": 0.8862359550561798,
      "Recall": 0.8655692729766804,
      "F1": 0.8757807078417765,
      "Samples": 729
    },
    "down": {
      "Precision": 0.9014778325123153,
      "Recall": 0.9081885856079405,
      "F1": 0.9048207663782448,
      "Samples": 403
    },
    "go": {
      "Precision": 0.9104477611940298,
      "Recall": 0.9195979899497487,
      "F1": 0.9149999999999999,
      "Samples": 398
    },
    "left": {
      "Precision": 0.9490291262135923,
      "Recall": 0.930952380952381,
      "F1": 0.9399038461538463,
      "Samples": 420
    },
    "no": {
      "Precision": 0.9407407407407408,
      "Recall": 0.9028436018957346,
      "F1": 0.9214026602176542,
      "Samples": 422
    },
    "off": {
      "Precision": 0.8905472636815921,
      "Recall": 0.9179487179487179,
      "F1": 0.9040404040404041,
      "Samples": 390
    },
    "on": {
      "Precision": 0.8914141414141414,
      "Recall": 0.9566395663956639,
      "F1": 0.9228758169934641,
      "Samples": 369
    },
    "right": {
      "Precision": 0.9090909090909091,
      "Recall": 0.9782608695652174,
      "F1": 0.9424083769633508,
      "Samples": 368
    },
    "stop": {
      "Precision": 0.9635036496350365,
      "Recall": 0.9705882352941176,
      "F1": 0.967032967032967,
      "Samples": 408
    },
    "up": {
      "Precision": 0.9482352941176471,
      "Recall": 0.901565995525727,
      "F1": 0.9243119266055047,
      "Samples": 447
    },
    "yes": {
      "Precision": 0.964200477326969,
      "Recall": 0.9528301886792453,
      "F1": 0.9584816132858839,
      "Samples": 424
    }
  },
  "latency": {
    "mean_ms": 4.384,
    "std_ms": 0.434,
    "p50_ms": 4.221,
    "p95_ms": 5.432,
    "p99_ms": 5.934,
    "min_ms": 4.005,
    "max_ms": 6.313
  },
  "num_parameters": 12072
}